Torneo|fecha|Partido|Jugador|Gol|Observaciones|URL
"Apertura 2011"|02|"San Martín (SJ) VS Tigre"|"Emison - Da Conceição Roberval"|"Jugada - 40"|"No se econtró la URL del jugador"|http://www.futbol360.com.ar/jugadores/argentina/
"Apertura 2011"|02|"San Martín (SJ) VS Tigre"|"Emmanuel - Pio"|"Jugada - 90"|"No se econtró la URL del jugador"|http://www.futbol360.com.ar/jugadores/argentina/
"Apertura 2011"|03|"Tigre VS Godoy Cruz"|"Ezequiel - Maggiolo"|"Cabeza - 23"|"Tiene goles de otro tipo"|http://www.futbol360.com.ar/detalles/matches-goals.php?item=player&id=516&id_team_for=31&id_team_against=153&id_season=0&search_category=head
"Apertura 2011"|04|"Estudiantes (LP) VS San Martín (SJ)"|"Emmanuel David - Mas"|"Jugada - 45"|"No se econtró la URL del jugador"|http://www.futbol360.com.ar/jugadores/argentina/
"Apertura 2011"|04|"Belgrano VS Newell's Old Boys"|"Ricardo Daniel - Noir"|"Cabeza - 67"|"Tiene goles de otro tipo"|http://www.futbol360.com.ar/detalles/matches-goals.php?item=player&id=21676&id_team_for=10&id_team_against=12&id_season=0&search_category=head
"Apertura 2011"|04|"Atlético de Rafaela VS Olimpo"|"Néstor Fabián - Bareiro Leguizamón"|"Cabeza - 90"|"Gol actualizado"|http://www.futbol360.com.ar/detalles/matches-goals.php?item=player&id=26187&id_team_for=21&id_team_against=26&id_season=0&search_category=head
"Apertura 2011"|05|"Tigre VS Banfield"|"Mariano Raúl - Echeverría"|"Cabeza - 32"|"Gol actualizado"|http://www.futbol360.com.ar/detalles/matches-goals.php?item=player&id=23999&id_team_for=31&id_team_against=19&id_season=0&search_category=head
"Apertura 2011"|07|"Estudiantes (LP) VS Argentinos Juniors"|"Gabriel Iván - Mercado"|"Cabeza - 86"|"Tiene goles de otro tipo"|http://www.futbol360.com.ar/detalles/matches-goals.php?item=player&id=4314&id_team_for=14&id_team_against=28&id_season=0&search_category=head
"Apertura 2011"|09|"Independiente VS Vélez Sarsfield"|"Jonathan Alexander - Ramírez Silva"|"Jugada - 34"|"No se econtró la URL del jugador"|http://www.futbol360.com.ar/jugadores/uruguay/
"Apertura 2011"|14|"Racing Club VS Argentinos Juniors"|"Giovanni - Moreno"|"Cabeza - 54"|"Gol actualizado"|http://www.futbol360.com.ar/detalles/matches-goals.php?item=player&id=28969&id_team_for=6&id_team_against=28&id_season=0&search_category=head
"Apertura 2011"|16|"Racing Club VS Belgrano"|"César - Pereyra"|"Cabeza - 29"|"Tiene goles de otro tipo"|http://www.futbol360.com.ar/detalles/matches-goals.php?item=player&id=2749&id_team_for=12&id_team_against=6&id_season=0&search_category=head
"Apertura 2011"|16|"Banfield VS Argentinos Juniors"|"Fabián - Bordagaray"|"Cabeza - 26"|"Gol actualizado"|http://www.futbol360.com.ar/detalles/matches-goals.php?item=player&id=10198&id_team_for=28&id_team_against=19&id_season=0&search_category=head
"Apertura 2011"|17|"Argentinos Juniors VS Arsenal"|"Santiago Gabriel - Salcedo González"|"Cabeza - 90"|"Tiene goles de otro tipo"|http://www.futbol360.com.ar/detalles/matches-goals.php?item=player&id=1728&id_team_for=28&id_team_against=23&id_season=0&search_category=head
"Apertura 2011"|17|"San Martín (SJ) VS Unión de Santa Fe"|"Sebastián Ariel - Penco"|"Cabeza - 44"|"Gol actualizado"|http://www.futbol360.com.ar/detalles/matches-goals.php?item=player&id=956&id_team_for=157&id_team_against=17&id_season=0&search_category=head
"Apertura 2011"|19|"Colón de Santa Fe VS Banfield"|"Federico Fernando - Higuain"|"Cabeza - 5"|"Gol actualizado"|http://www.futbol360.com.ar/detalles/matches-goals.php?item=player&id=963&id_team_for=16&id_team_against=19&id_season=0&search_category=head
