Torneo|fecha|Partido|Cant|Arbitro|"Linea 1"|"Linea 2"|Observaciones|URL
"Apertura 2000"|01|"Independiente VS Belgrano"|1||||https://arg.worldfootball.net/cronica/primera-division-2000-Apertura-independiente-belgrano-de-cordoba/
"Apertura 2000"|01|"Colón de Santa Fe VS Huracán"|1||||https://arg.worldfootball.net/cronica/primera-division-2000-Apertura-colon-de-santa-fe-huracan/
"Apertura 2000"|01|"San Lorenzo VS Gimnasia (LP)"|1||||https://arg.worldfootball.net/cronica/primera-division-2000-Apertura-san-lorenzo-gimnasia-de-la-plata/
"Apertura 2000"|01|"Boca Juniors VS Argentinos Juniors"|1||||https://arg.worldfootball.net/cronica/primera-division-2000-Apertura-boca-juniors-Argentinos-Juniors/
"Apertura 2000"|01|"Estudiantes (LP) VS River Plate"|1||||https://arg.worldfootball.net/cronica/primera-division-2000-Apertura-estudiantes-river-plate/
"Apertura 2000"|01|"Rosario Central VS Almagro"|1||||https://arg.worldfootball.net/cronica/primera-division-2000-Apertura-rosario-central-almagro/
"Apertura 2000"|01|"Talleres (Cba.) VS Racing Club"|1||||https://arg.worldfootball.net/cronica/primera-division-2000-Apertura-talleres-de-cordoba-racing-club/
"Apertura 2000"|01|"Vélez Sarsfield VS Lanús"|1||||https://arg.worldfootball.net/cronica/primera-division-2000-Apertura-velez-sarsfield-lanus/
"Apertura 2000"|01|"Chacarita Juniors VS Unión de Santa Fe"|1||||https://arg.worldfootball.net/cronica/primera-division-2000-Apertura-chacarita-juniors-union-de-santa-fe/
"Apertura 2000"|01|"Los Andes VS Newell's Old Boys"|1||||https://arg.worldfootball.net/cronica/primera-division-2000-Apertura-los-andes-de-lomas-de-zamora-newells-old-boys/
"Apertura 2000"|02|"Racing Club VS Los Andes"|1||||https://arg.worldfootball.net/cronica/primera-division-2000-Apertura-racing-club-los-andes-de-lomas-de-zamora/
"Apertura 2000"|02|"Unión de Santa Fe VS Boca Juniors"|1||||https://arg.worldfootball.net/cronica/primera-division-2000-Apertura-union-de-santa-fe-boca-juniors/
"Apertura 2000"|02|"Argentinos Juniors VS Estudiantes (LP)"|1||||https://arg.worldfootball.net/cronica/primera-division-2000-Apertura-Argentinos-Juniors-estudiantes/
"Apertura 2000"|02|"Gimnasia (LP) VS Chacarita Juniors"|1||||https://arg.worldfootball.net/cronica/primera-division-2000-Apertura-gimnasia-de-la-plata-chacarita-juniors/
"Apertura 2000"|02|"Huracán VS Rosario Central"|1||||https://arg.worldfootball.net/cronica/primera-division-2000-Apertura-huracan-rosario-central/
"Apertura 2000"|02|"Lanús VS Colón de Santa Fe"|1||||https://arg.worldfootball.net/cronica/primera-division-2000-Apertura-lanus-colon-de-santa-fe/
"Apertura 2000"|02|"Newell's Old Boys VS San Lorenzo"|1||||https://arg.worldfootball.net/cronica/primera-division-2000-Apertura-newells-old-boys-san-lorenzo/
"Apertura 2000"|02|"River Plate VS Vélez Sarsfield"|1||||https://arg.worldfootball.net/cronica/primera-division-2000-Apertura-river-plate-velez-sarsfield/
"Apertura 2000"|02|"Belgrano VS Talleres (Cba.)"|1||||https://arg.worldfootball.net/cronica/primera-division-2000-Apertura-belgrano-de-cordoba-talleres-de-cordoba/
"Apertura 2000"|02|"Almagro VS Independiente"|1||||https://arg.worldfootball.net/cronica/primera-division-2000-Apertura-almagro-independiente/
"Apertura 2000"|03|"Independiente VS Huracán"|1||||https://arg.worldfootball.net/cronica/primera-division-2000-Apertura-independiente-huracan/
"Apertura 2000"|03|"Colón de Santa Fe VS River Plate"|1||||https://arg.worldfootball.net/cronica/primera-division-2000-Apertura-colon-de-santa-fe-river-plate/
"Apertura 2000"|03|"San Lorenzo VS Racing Club"|1||||https://arg.worldfootball.net/cronica/primera-division-2000-Apertura-san-lorenzo-racing-club/
"Apertura 2000"|03|"Argentinos Juniors VS Unión de Santa Fe"|1||||https://arg.worldfootball.net/cronica/primera-division-2000-Apertura-Argentinos-Juniors-union-de-santa-fe/
"Apertura 2000"|03|"Boca Juniors VS Gimnasia (LP)"|1||||https://arg.worldfootball.net/cronica/primera-division-2000-Apertura-boca-juniors-gimnasia-de-la-plata/
"Apertura 2000"|03|"Estudiantes (LP) VS Vélez Sarsfield"|1||||https://arg.worldfootball.net/cronica/primera-division-2000-Apertura-estudiantes-velez-sarsfield/
"Apertura 2000"|03|"Rosario Central VS Lanús"|1||||https://arg.worldfootball.net/cronica/primera-division-2000-Apertura-rosario-central-lanus/
"Apertura 2000"|03|"Talleres (Cba.) VS Almagro"|1||||https://arg.worldfootball.net/cronica/primera-division-2000-Apertura-talleres-de-cordoba-almagro/
"Apertura 2000"|03|"Chacarita Juniors VS Newell's Old Boys"|1||||https://arg.worldfootball.net/cronica/primera-division-2000-Apertura-chacarita-juniors-newells-old-boys/
"Apertura 2000"|03|"Los Andes VS Belgrano"|1||||https://arg.worldfootball.net/cronica/primera-division-2000-Apertura-los-andes-de-lomas-de-zamora-belgrano-de-cordoba/
"Apertura 2000"|04|"Racing Club VS Chacarita Juniors"|1||||https://arg.worldfootball.net/cronica/primera-division-2000-Apertura-racing-club-chacarita-juniors/
"Apertura 2000"|04|"Unión de Santa Fe VS Estudiantes (LP)"|1||||https://arg.worldfootball.net/cronica/primera-division-2000-Apertura-union-de-santa-fe-estudiantes/
"Apertura 2000"|04|"Gimnasia (LP) VS Argentinos Juniors"|1||||https://arg.worldfootball.net/cronica/primera-division-2000-Apertura-gimnasia-de-la-plata-Argentinos-Juniors/
"Apertura 2000"|04|"Huracán VS Talleres (Cba.)"|1||||https://arg.worldfootball.net/cronica/primera-division-2000-Apertura-huracan-talleres-de-cordoba/
"Apertura 2000"|04|"Lanús VS Independiente"|1||||https://arg.worldfootball.net/cronica/primera-division-2000-Apertura-lanus-independiente/
"Apertura 2000"|04|"Newell's Old Boys VS Boca Juniors"|1||||https://arg.worldfootball.net/cronica/primera-division-2000-Apertura-newells-old-boys-boca-juniors/
"Apertura 2000"|04|"River Plate VS Rosario Central"|1||||https://arg.worldfootball.net/cronica/primera-division-2000-Apertura-river-plate-rosario-central/
"Apertura 2000"|04|"Vélez Sarsfield VS Colón de Santa Fe"|1||||https://arg.worldfootball.net/cronica/primera-division-2000-Apertura-velez-sarsfield-colon-de-santa-fe/
"Apertura 2000"|04|"Belgrano VS San Lorenzo"|1||||https://arg.worldfootball.net/cronica/primera-division-2000-Apertura-belgrano-de-cordoba-san-lorenzo/
"Apertura 2000"|04|"Almagro VS Los Andes"|1||||https://arg.worldfootball.net/cronica/primera-division-2000-Apertura-almagro-los-andes-de-lomas-de-zamora/
"Apertura 2000"|05|"Independiente VS River Plate"|1||||https://arg.worldfootball.net/cronica/primera-division-2000-Apertura-independiente-river-plate/
"Apertura 2000"|05|"Unión de Santa Fe VS Gimnasia (LP)"|1||||https://arg.worldfootball.net/cronica/primera-division-2000-Apertura-union-de-santa-fe-gimnasia-de-la-plata/
"Apertura 2000"|05|"San Lorenzo VS Almagro"|1||||https://arg.worldfootball.net/cronica/primera-division-2000-Apertura-san-lorenzo-almagro/
"Apertura 2000"|05|"Argentinos Juniors VS Newell's Old Boys"|1||||https://arg.worldfootball.net/cronica/primera-division-2000-Apertura-Argentinos-Juniors-newells-old-boys/
"Apertura 2000"|05|"Boca Juniors VS Racing Club"|1||||https://arg.worldfootball.net/cronica/primera-division-2000-Apertura-boca-juniors-racing-club/
"Apertura 2000"|05|"Estudiantes (LP) VS Colón de Santa Fe"|1||||https://arg.worldfootball.net/cronica/primera-division-2000-Apertura-estudiantes-colon-de-santa-fe/
"Apertura 2000"|05|"Rosario Central VS Vélez Sarsfield"|1||||https://arg.worldfootball.net/cronica/primera-division-2000-Apertura-rosario-central-velez-sarsfield/
"Apertura 2000"|05|"Talleres (Cba.) VS Lanús"|1||||https://arg.worldfootball.net/cronica/primera-division-2000-Apertura-talleres-de-cordoba-lanus/
"Apertura 2000"|05|"Chacarita Juniors VS Belgrano"|1||||https://arg.worldfootball.net/cronica/primera-division-2000-Apertura-chacarita-juniors-belgrano-de-cordoba/
"Apertura 2000"|05|"Los Andes VS Huracán"|1||||https://arg.worldfootball.net/cronica/primera-division-2000-Apertura-los-andes-de-lomas-de-zamora-huracan/
"Apertura 2000"|06|"Racing Club VS Argentinos Juniors"|1||||https://arg.worldfootball.net/cronica/primera-division-2000-Apertura-racing-club-Argentinos-Juniors/
"Apertura 2000"|06|"Colón de Santa Fe VS Rosario Central"|1||||https://arg.worldfootball.net/cronica/primera-division-2000-Apertura-colon-de-santa-fe-rosario-central/
"Apertura 2000"|06|"Gimnasia (LP) VS Estudiantes (LP)"|1||||https://arg.worldfootball.net/cronica/primera-division-2000-Apertura-gimnasia-de-la-plata-estudiantes/
"Apertura 2000"|06|"Huracán VS San Lorenzo"|1||||https://arg.worldfootball.net/cronica/primera-division-2000-Apertura-huracan-san-lorenzo/
"Apertura 2000"|06|"Lanús VS Los Andes"|1||||https://arg.worldfootball.net/cronica/primera-division-2000-Apertura-lanus-los-andes-de-lomas-de-zamora/
"Apertura 2000"|06|"Newell's Old Boys VS Unión de Santa Fe"|1||||https://arg.worldfootball.net/cronica/primera-division-2000-Apertura-newells-old-boys-union-de-santa-fe/
"Apertura 2000"|06|"River Plate VS Talleres (Cba.)"|1||||https://arg.worldfootball.net/cronica/primera-division-2000-Apertura-river-plate-talleres-de-cordoba/
"Apertura 2000"|06|"Vélez Sarsfield VS Independiente"|1||||https://arg.worldfootball.net/cronica/primera-division-2000-Apertura-velez-sarsfield-independiente/
"Apertura 2000"|06|"Belgrano VS Boca Juniors"|1||||https://arg.worldfootball.net/cronica/primera-division-2000-Apertura-belgrano-de-cordoba-boca-juniors/
"Apertura 2000"|06|"Almagro VS Chacarita Juniors"|1||||https://arg.worldfootball.net/cronica/primera-division-2000-Apertura-almagro-chacarita-juniors/
"Apertura 2000"|07|"Independiente VS Colón de Santa Fe"|1||||https://arg.worldfootball.net/cronica/primera-division-2000-Apertura-independiente-colon-de-santa-fe/
"Apertura 2000"|07|"Unión de Santa Fe VS Racing Club"|1||||https://arg.worldfootball.net/cronica/primera-division-2000-Apertura-union-de-santa-fe-racing-club/
"Apertura 2000"|07|"San Lorenzo VS Lanús"|1||||https://arg.worldfootball.net/cronica/primera-division-2000-Apertura-san-lorenzo-lanus/
"Apertura 2000"|07|"Argentinos Juniors VS Belgrano"|1||||https://arg.worldfootball.net/cronica/primera-division-2000-Apertura-Argentinos-Juniors-belgrano-de-cordoba/
"Apertura 2000"|07|"Boca Juniors VS Almagro"|1||||https://arg.worldfootball.net/cronica/primera-division-2000-Apertura-boca-juniors-almagro/
"Apertura 2000"|07|"Gimnasia (LP) VS Newell's Old Boys"|1||||https://arg.worldfootball.net/cronica/primera-division-2000-Apertura-gimnasia-de-la-plata-newells-old-boys/
"Apertura 2000"|07|"Rosario Central VS Estudiantes (LP)"|1||||https://arg.worldfootball.net/cronica/primera-division-2000-Apertura-rosario-central-estudiantes/
"Apertura 2000"|07|"Talleres (Cba.) VS Vélez Sarsfield"|1||||https://arg.worldfootball.net/cronica/primera-division-2000-Apertura-talleres-de-cordoba-velez-sarsfield/
"Apertura 2000"|07|"Chacarita Juniors VS Huracán"|1||||https://arg.worldfootball.net/cronica/primera-division-2000-Apertura-chacarita-juniors-huracan/
"Apertura 2000"|07|"Los Andes VS River Plate"|1||||https://arg.worldfootball.net/cronica/primera-division-2000-Apertura-los-andes-de-lomas-de-zamora-river-plate/
"Apertura 2000"|08|"Racing Club VS Gimnasia (LP)"|1||||https://arg.worldfootball.net/cronica/primera-division-2000-Apertura-racing-club-gimnasia-de-la-plata/
"Apertura 2000"|08|"Colón de Santa Fe VS Talleres (Cba.)"|1||||https://arg.worldfootball.net/cronica/primera-division-2000-Apertura-colon-de-santa-fe-talleres-de-cordoba/
"Apertura 2000"|08|"Estudiantes (LP) VS Newell's Old Boys"|1||||https://arg.worldfootball.net/cronica/primera-division-2000-Apertura-estudiantes-newells-old-boys/
"Apertura 2000"|08|"Huracán VS Boca Juniors"|1||||https://arg.worldfootball.net/cronica/primera-division-2000-Apertura-huracan-boca-juniors/
"Apertura 2000"|08|"Lanús VS Chacarita Juniors"|1||||https://arg.worldfootball.net/cronica/primera-division-2000-Apertura-lanus-chacarita-juniors/
"Apertura 2000"|08|"River Plate VS San Lorenzo"|1||||https://arg.worldfootball.net/cronica/primera-division-2000-Apertura-river-plate-san-lorenzo/
"Apertura 2000"|08|"Rosario Central VS Independiente"|1||||https://arg.worldfootball.net/cronica/primera-division-2000-Apertura-rosario-central-independiente/
"Apertura 2000"|08|"Vélez Sarsfield VS Los Andes"|1||||https://arg.worldfootball.net/cronica/primera-division-2000-Apertura-velez-sarsfield-los-andes-de-lomas-de-zamora/
"Apertura 2000"|08|"Belgrano VS Unión de Santa Fe"|1||||https://arg.worldfootball.net/cronica/primera-division-2000-Apertura-belgrano-de-cordoba-union-de-santa-fe/
"Apertura 2000"|08|"Almagro VS Argentinos Juniors"|1||||https://arg.worldfootball.net/cronica/primera-division-2000-Apertura-almagro-Argentinos-Juniors/
"Apertura 2000"|09|"Independiente VS Estudiantes (LP)"|1||||https://arg.worldfootball.net/cronica/primera-division-2000-Apertura-independiente-estudiantes/
"Apertura 2000"|09|"Unión de Santa Fe VS Almagro"|1||||https://arg.worldfootball.net/cronica/primera-division-2000-Apertura-union-de-santa-fe-almagro/
"Apertura 2000"|09|"San Lorenzo VS Vélez Sarsfield"|1||||https://arg.worldfootball.net/cronica/primera-division-2000-Apertura-san-lorenzo-velez-sarsfield/
"Apertura 2000"|09|"Argentinos Juniors VS Huracán"|1||||https://arg.worldfootball.net/cronica/primera-division-2000-Apertura-Argentinos-Juniors-huracan/
"Apertura 2000"|09|"Boca Juniors VS Lanús"|1||||https://arg.worldfootball.net/cronica/primera-division-2000-Apertura-boca-juniors-lanus/
"Apertura 2000"|09|"Gimnasia (LP) VS Belgrano"|1||||https://arg.worldfootball.net/cronica/primera-division-2000-Apertura-gimnasia-de-la-plata-belgrano-de-cordoba/
"Apertura 2000"|09|"Newell's Old Boys VS Racing Club"|1||||https://arg.worldfootball.net/cronica/primera-division-2000-Apertura-newells-old-boys-racing-club/
"Apertura 2000"|09|"Talleres (Cba.) VS Rosario Central"|1||||https://arg.worldfootball.net/cronica/primera-division-2000-Apertura-talleres-de-cordoba-rosario-central/
"Apertura 2000"|09|"Chacarita Juniors VS River Plate"|1||||https://arg.worldfootball.net/cronica/primera-division-2000-Apertura-chacarita-juniors-river-plate/
"Apertura 2000"|09|"Los Andes VS Colón de Santa Fe"|1||||https://arg.worldfootball.net/cronica/primera-division-2000-Apertura-los-andes-de-lomas-de-zamora-colon-de-santa-fe/
"Apertura 2000"|10|"Independiente VS Talleres (Cba.)"|1||||https://arg.worldfootball.net/cronica/primera-division-2000-Apertura-independiente-talleres-de-cordoba/
"Apertura 2000"|10|"Colón de Santa Fe VS San Lorenzo"|1||||https://arg.worldfootball.net/cronica/primera-division-2000-Apertura-colon-de-santa-fe-san-lorenzo/
"Apertura 2000"|10|"Estudiantes (LP) VS Racing Club"|1||||https://arg.worldfootball.net/cronica/primera-division-2000-Apertura-estudiantes-racing-club/
"Apertura 2000"|10|"Huracán VS Unión de Santa Fe"|1||||https://arg.worldfootball.net/cronica/primera-division-2000-Apertura-huracan-union-de-santa-fe/
"Apertura 2000"|10|"Lanús VS Argentinos Juniors"|1||||https://arg.worldfootball.net/cronica/primera-division-2000-Apertura-lanus-Argentinos-Juniors/
"Apertura 2000"|10|"River Plate VS Boca Juniors"|1||||https://arg.worldfootball.net/cronica/primera-division-2000-Apertura-river-plate-boca-juniors/
"Apertura 2000"|10|"Rosario Central VS Los Andes"|1||||https://arg.worldfootball.net/cronica/primera-division-2000-Apertura-rosario-central-los-andes-de-lomas-de-zamora/
"Apertura 2000"|10|"Vélez Sarsfield VS Chacarita Juniors"|1||||https://arg.worldfootball.net/cronica/primera-division-2000-Apertura-velez-sarsfield-chacarita-juniors/
"Apertura 2000"|10|"Belgrano VS Newell's Old Boys"|1||||https://arg.worldfootball.net/cronica/primera-division-2000-Apertura-belgrano-de-cordoba-newells-old-boys/
"Apertura 2000"|10|"Almagro VS Gimnasia (LP)"|1||||https://arg.worldfootball.net/cronica/primera-division-2000-Apertura-almagro-gimnasia-de-la-plata/
"Apertura 2000"|11|"Los Andes VS Independiente"|1||||https://arg.worldfootball.net/cronica/primera-division-2000-Apertura-los-andes-de-lomas-de-zamora-independiente/
"Apertura 2000"|11|"Chacarita Juniors VS Colón de Santa Fe"|1||||https://arg.worldfootball.net/cronica/primera-division-2000-Apertura-chacarita-juniors-colon-de-santa-fe/
"Apertura 2000"|11|"Talleres (Cba.) VS Estudiantes (LP)"|1||||https://arg.worldfootball.net/cronica/primera-division-2000-Apertura-talleres-de-cordoba-estudiantes/
"Apertura 2000"|11|"Gimnasia (LP) VS Huracán"|1||||https://arg.worldfootball.net/cronica/primera-division-2000-Apertura-gimnasia-de-la-plata-huracan/
"Apertura 2000"|11|"Unión de Santa Fe VS Lanús"|1||||https://arg.worldfootball.net/cronica/primera-division-2000-Apertura-union-de-santa-fe-lanus/
"Apertura 2000"|11|"Argentinos Juniors VS River Plate"|1||||https://arg.worldfootball.net/cronica/primera-division-2000-Apertura-Argentinos-Juniors-river-plate/
"Apertura 2000"|11|"San Lorenzo VS Rosario Central"|1||||https://arg.worldfootball.net/cronica/primera-division-2000-Apertura-san-lorenzo-rosario-central/
"Apertura 2000"|11|"Boca Juniors VS Vélez Sarsfield"|1||||https://arg.worldfootball.net/cronica/primera-division-2000-Apertura-boca-juniors-velez-sarsfield/
"Apertura 2000"|11|"Racing Club VS Belgrano"|1||||https://arg.worldfootball.net/cronica/primera-division-2000-Apertura-racing-club-belgrano-de-cordoba/
"Apertura 2000"|11|"Newell's Old Boys VS Almagro"|1||||https://arg.worldfootball.net/cronica/primera-division-2000-Apertura-newells-old-boys-almagro/
"Apertura 2000"|12|"Independiente VS San Lorenzo"|1||||https://arg.worldfootball.net/cronica/primera-division-2000-Apertura-independiente-san-lorenzo/
"Apertura 2000"|12|"Colón de Santa Fe VS Boca Juniors"|1||||https://arg.worldfootball.net/cronica/primera-division-2000-Apertura-colon-de-santa-fe-boca-juniors/
"Apertura 2000"|12|"Estudiantes (LP) VS Belgrano"|1||||https://arg.worldfootball.net/cronica/primera-division-2000-Apertura-estudiantes-belgrano-de-cordoba/
"Apertura 2000"|12|"Huracán VS Newell's Old Boys"|1||||https://arg.worldfootball.net/cronica/primera-division-2000-Apertura-huracan-newells-old-boys/
"Apertura 2000"|12|"Lanús VS Gimnasia (LP)"|1||||https://arg.worldfootball.net/cronica/primera-division-2000-Apertura-lanus-gimnasia-de-la-plata/
"Apertura 2000"|12|"River Plate VS Unión de Santa Fe"|1||||https://arg.worldfootball.net/cronica/primera-division-2000-Apertura-river-plate-union-de-santa-fe/
"Apertura 2000"|12|"Rosario Central VS Chacarita Juniors"|1||||https://arg.worldfootball.net/cronica/primera-division-2000-Apertura-rosario-central-chacarita-juniors/
"Apertura 2000"|12|"Talleres (Cba.) VS Los Andes"|1||||https://arg.worldfootball.net/cronica/primera-division-2000-Apertura-talleres-de-cordoba-los-andes-de-lomas-de-zamora/
"Apertura 2000"|12|"Vélez Sarsfield VS Argentinos Juniors"|1||||https://arg.worldfootball.net/cronica/primera-division-2000-Apertura-velez-sarsfield-Argentinos-Juniors/
"Apertura 2000"|12|"Almagro VS Racing Club"|1||||https://arg.worldfootball.net/cronica/primera-division-2000-Apertura-almagro-racing-club/
"Apertura 2000"|13|"Racing Club VS Huracán"|1||||https://arg.worldfootball.net/cronica/primera-division-2000-Apertura-racing-club-huracan/
"Apertura 2000"|13|"Unión de Santa Fe VS Vélez Sarsfield"|1||||https://arg.worldfootball.net/cronica/primera-division-2000-Apertura-union-de-santa-fe-velez-sarsfield/
"Apertura 2000"|13|"San Lorenzo VS Talleres (Cba.)"|1||||https://arg.worldfootball.net/cronica/primera-division-2000-Apertura-san-lorenzo-talleres-de-cordoba/
"Apertura 2000"|13|"Argentinos Juniors VS Colón de Santa Fe"|1||||https://arg.worldfootball.net/cronica/primera-division-2000-Apertura-Argentinos-Juniors-colon-de-santa-fe/
"Apertura 2000"|13|"Boca Juniors VS Rosario Central"|1||||https://arg.worldfootball.net/cronica/primera-division-2000-Apertura-boca-juniors-rosario-central/
"Apertura 2000"|13|"Gimnasia (LP) VS River Plate"|1||||https://arg.worldfootball.net/cronica/primera-division-2000-Apertura-gimnasia-de-la-plata-river-plate/
"Apertura 2000"|13|"Newell's Old Boys VS Lanús"|1||||https://arg.worldfootball.net/cronica/primera-division-2000-Apertura-newells-old-boys-lanus/
"Apertura 2000"|13|"Belgrano VS Almagro"|1||||https://arg.worldfootball.net/cronica/primera-division-2000-Apertura-belgrano-de-cordoba-almagro/
"Apertura 2000"|13|"Chacarita Juniors VS Independiente"|1||||https://arg.worldfootball.net/cronica/primera-division-2000-Apertura-chacarita-juniors-independiente/
"Apertura 2000"|13|"Los Andes VS Estudiantes (LP)"|1||||https://arg.worldfootball.net/cronica/primera-division-2000-Apertura-los-andes-de-lomas-de-zamora-estudiantes/
"Apertura 2000"|14|"Independiente VS Boca Juniors"|1||||https://arg.worldfootball.net/cronica/primera-division-2000-Apertura-independiente-boca-juniors/
"Apertura 2000"|14|"Colón de Santa Fe VS Unión de Santa Fe"|1||||https://arg.worldfootball.net/cronica/primera-division-2000-Apertura-colon-de-santa-fe-union-de-santa-fe/
"Apertura 2000"|14|"Estudiantes (LP) VS Almagro"|1||||https://arg.worldfootball.net/cronica/primera-division-2000-Apertura-estudiantes-almagro/
"Apertura 2000"|14|"Huracán VS Belgrano"|1||||https://arg.worldfootball.net/cronica/primera-division-2000-Apertura-huracan-belgrano-de-cordoba/
"Apertura 2000"|14|"Lanús VS Racing Club"|1||||https://arg.worldfootball.net/cronica/primera-division-2000-Apertura-lanus-racing-club/
"Apertura 2000"|14|"River Plate VS Newell's Old Boys"|1||||https://arg.worldfootball.net/cronica/primera-division-2000-Apertura-river-plate-newells-old-boys/
"Apertura 2000"|14|"Rosario Central VS Argentinos Juniors"|1||||https://arg.worldfootball.net/cronica/primera-division-2000-Apertura-rosario-central-Argentinos-Juniors/
"Apertura 2000"|14|"Talleres (Cba.) VS Chacarita Juniors"|1||||https://arg.worldfootball.net/cronica/primera-division-2000-Apertura-talleres-de-cordoba-chacarita-juniors/
"Apertura 2000"|14|"Vélez Sarsfield VS Gimnasia (LP)"|1||||https://arg.worldfootball.net/cronica/primera-division-2000-Apertura-velez-sarsfield-gimnasia-de-la-plata/
"Apertura 2000"|14|"Los Andes VS San Lorenzo"|1||||https://arg.worldfootball.net/cronica/primera-division-2000-Apertura-los-andes-de-lomas-de-zamora-san-lorenzo/
"Apertura 2000"|15|"Racing Club VS River Plate"|1||||https://arg.worldfootball.net/cronica/primera-division-2000-Apertura-racing-club-river-plate/
"Apertura 2000"|15|"Unión de Santa Fe VS Rosario Central"|1||||https://arg.worldfootball.net/cronica/primera-division-2000-Apertura-union-de-santa-fe-rosario-central/
"Apertura 2000"|15|"San Lorenzo VS Estudiantes (LP)"|1||||https://arg.worldfootball.net/cronica/primera-division-2000-Apertura-san-lorenzo-estudiantes/
"Apertura 2000"|15|"Argentinos Juniors VS Independiente"|1||||https://arg.worldfootball.net/cronica/primera-division-2000-Apertura-Argentinos-Juniors-independiente/
"Apertura 2000"|15|"Boca Juniors VS Talleres (Cba.)"|1||||https://arg.worldfootball.net/cronica/primera-division-2000-Apertura-boca-juniors-talleres-de-cordoba/
"Apertura 2000"|15|"Gimnasia (LP) VS Colón de Santa Fe"|1||||https://arg.worldfootball.net/cronica/primera-division-2000-Apertura-gimnasia-de-la-plata-colon-de-santa-fe/
"Apertura 2000"|15|"Newell's Old Boys VS Vélez Sarsfield"|1||||https://arg.worldfootball.net/cronica/primera-division-2000-Apertura-newells-old-boys-velez-sarsfield/
"Apertura 2000"|15|"Belgrano VS Lanús"|1||||https://arg.worldfootball.net/cronica/primera-division-2000-Apertura-belgrano-de-cordoba-lanus/
"Apertura 2000"|15|"Chacarita Juniors VS Los Andes"|1||||https://arg.worldfootball.net/cronica/primera-division-2000-Apertura-chacarita-juniors-los-andes-de-lomas-de-zamora/
"Apertura 2000"|15|"Almagro VS Huracán"|1||||https://arg.worldfootball.net/cronica/primera-division-2000-Apertura-almagro-huracan/
"Apertura 2000"|16|"Independiente VS Unión de Santa Fe"|1||||https://arg.worldfootball.net/cronica/primera-division-2000-Apertura-independiente-union-de-santa-fe/
"Apertura 2000"|16|"Colón de Santa Fe VS Newell's Old Boys"|1||||https://arg.worldfootball.net/cronica/primera-division-2000-Apertura-colon-de-santa-fe-newells-old-boys/
"Apertura 2000"|16|"San Lorenzo VS Chacarita Juniors"|1||||https://arg.worldfootball.net/cronica/primera-division-2000-Apertura-san-lorenzo-chacarita-juniors/
"Apertura 2000"|16|"Estudiantes (LP) VS Huracán"|1||||https://arg.worldfootball.net/cronica/primera-division-2000-Apertura-estudiantes-huracan/
"Apertura 2000"|16|"Lanús VS Almagro"|1||||https://arg.worldfootball.net/cronica/primera-division-2000-Apertura-lanus-almagro/
"Apertura 2000"|16|"River Plate VS Belgrano"|1||||https://arg.worldfootball.net/cronica/primera-division-2000-Apertura-river-plate-belgrano-de-cordoba/
"Apertura 2000"|16|"Rosario Central VS Gimnasia (LP)"|1||||https://arg.worldfootball.net/cronica/primera-division-2000-Apertura-rosario-central-gimnasia-de-la-plata/
"Apertura 2000"|16|"Talleres (Cba.) VS Argentinos Juniors"|1||||https://arg.worldfootball.net/cronica/primera-division-2000-Apertura-talleres-de-cordoba-Argentinos-Juniors/
"Apertura 2000"|16|"Vélez Sarsfield VS Racing Club"|1||||https://arg.worldfootball.net/cronica/primera-division-2000-Apertura-velez-sarsfield-racing-club/
"Apertura 2000"|16|"Los Andes VS Boca Juniors"|1||||https://arg.worldfootball.net/cronica/primera-division-2000-Apertura-los-andes-de-lomas-de-zamora-boca-juniors/
"Apertura 2000"|17|"Racing Club VS Colón de Santa Fe"|1||||https://arg.worldfootball.net/cronica/primera-division-2000-Apertura-racing-club-colon-de-santa-fe/
"Apertura 2000"|17|"Unión de Santa Fe VS Talleres (Cba.)"|1||||https://arg.worldfootball.net/cronica/primera-division-2000-Apertura-union-de-santa-fe-talleres-de-cordoba/
"Apertura 2000"|17|"Argentinos Juniors VS Los Andes"|1||||https://arg.worldfootball.net/cronica/primera-division-2000-Apertura-Argentinos-Juniors-los-andes-de-lomas-de-zamora/
"Apertura 2000"|17|"Boca Juniors VS San Lorenzo"|1||||https://arg.worldfootball.net/cronica/primera-division-2000-Apertura-boca-juniors-san-lorenzo/
"Apertura 2000"|17|"Gimnasia (LP) VS Independiente"|1||||https://arg.worldfootball.net/cronica/primera-division-2000-Apertura-gimnasia-de-la-plata-independiente/
"Apertura 2000"|17|"Huracán VS Lanús"|1||||https://arg.worldfootball.net/cronica/primera-division-2000-Apertura-huracan-lanus/
"Apertura 2000"|17|"Newell's Old Boys VS Rosario Central"|1||||https://arg.worldfootball.net/cronica/primera-division-2000-Apertura-newells-old-boys-rosario-central/
"Apertura 2000"|17|"Belgrano VS Vélez Sarsfield"|1||||https://arg.worldfootball.net/cronica/primera-division-2000-Apertura-belgrano-de-cordoba-velez-sarsfield/
"Apertura 2000"|17|"Chacarita Juniors VS Estudiantes (LP)"|1||||https://arg.worldfootball.net/cronica/primera-division-2000-Apertura-chacarita-juniors-estudiantes/
"Apertura 2000"|17|"Almagro VS River Plate"|1||||https://arg.worldfootball.net/cronica/primera-division-2000-Apertura-almagro-river-plate/
"Apertura 2000"|18|"Independiente VS Newell's Old Boys"|1||||https://arg.worldfootball.net/cronica/primera-division-2000-Apertura-independiente-newells-old-boys/
"Apertura 2000"|18|"Colón de Santa Fe VS Belgrano"|1||||https://arg.worldfootball.net/cronica/primera-division-2000-Apertura-colon-de-santa-fe-belgrano-de-cordoba/
"Apertura 2000"|18|"San Lorenzo VS Argentinos Juniors"|1||||https://arg.worldfootball.net/cronica/primera-division-2000-Apertura-san-lorenzo-Argentinos-Juniors/
"Apertura 2000"|18|"Estudiantes (LP) VS Lanús"|1||||https://arg.worldfootball.net/cronica/primera-division-2000-Apertura-estudiantes-lanus/
"Apertura 2000"|18|"River Plate VS Huracán"|1||||https://arg.worldfootball.net/cronica/primera-division-2000-Apertura-river-plate-huracan/
"Apertura 2000"|18|"Rosario Central VS Racing Club"|1||||https://arg.worldfootball.net/cronica/primera-division-2000-Apertura-rosario-central-racing-club/
"Apertura 2000"|18|"Talleres (Cba.) VS Gimnasia (LP)"|1||||https://arg.worldfootball.net/cronica/primera-division-2000-Apertura-talleres-de-cordoba-gimnasia-de-la-plata/
"Apertura 2000"|18|"Vélez Sarsfield VS Almagro"|1||||https://arg.worldfootball.net/cronica/primera-division-2000-Apertura-velez-sarsfield-almagro/
"Apertura 2000"|18|"Chacarita Juniors VS Boca Juniors"|1||||https://arg.worldfootball.net/cronica/primera-division-2000-Apertura-chacarita-juniors-boca-juniors/
"Apertura 2000"|18|"Los Andes VS Unión de Santa Fe"|1||||https://arg.worldfootball.net/cronica/primera-division-2000-Apertura-los-andes-de-lomas-de-zamora-union-de-santa-fe/
"Apertura 2000"|19|"Racing Club VS Independiente"|1||||https://arg.worldfootball.net/cronica/primera-division-2000-Apertura-racing-club-independiente/
"Apertura 2000"|19|"Unión de Santa Fe VS San Lorenzo"|1||||https://arg.worldfootball.net/cronica/primera-division-2000-Apertura-union-de-santa-fe-san-lorenzo/
"Apertura 2000"|19|"Argentinos Juniors VS Chacarita Juniors"|1||||https://arg.worldfootball.net/cronica/primera-division-2000-Apertura-Argentinos-Juniors-chacarita-juniors/
"Apertura 2000"|19|"Boca Juniors VS Estudiantes (LP)"|1||||https://arg.worldfootball.net/cronica/primera-division-2000-Apertura-boca-juniors-estudiantes/
"Apertura 2000"|19|"Gimnasia (LP) VS Los Andes"|1||||https://arg.worldfootball.net/cronica/primera-division-2000-Apertura-gimnasia-de-la-plata-los-andes-de-lomas-de-zamora/
"Apertura 2000"|19|"Huracán VS Vélez Sarsfield"|1||||https://arg.worldfootball.net/cronica/primera-division-2000-Apertura-huracan-velez-sarsfield/
"Apertura 2000"|19|"Lanús VS River Plate"|1||||https://arg.worldfootball.net/cronica/primera-division-2000-Apertura-lanus-river-plate/
"Apertura 2000"|19|"Newell's Old Boys VS Talleres (Cba.)"|1||||https://arg.worldfootball.net/cronica/primera-division-2000-Apertura-newells-old-boys-talleres-de-cordoba/
"Apertura 2000"|19|"Belgrano VS Rosario Central"|1||||https://arg.worldfootball.net/cronica/primera-division-2000-Apertura-belgrano-de-cordoba-rosario-central/
"Apertura 2000"|19|"Almagro VS Colón de Santa Fe"|1||||https://arg.worldfootball.net/cronica/primera-division-2000-Apertura-almagro-colon-de-santa-fe/
