Torneo|fecha|Partido|Jugador|Gol|Observaciones
"Clausura 2003"|01|"Newell's Old Boys VS River Plate"|"Mauro Damián - Rosales"|"Cabeza - 62"|"Gol actualizado"
"Clausura 2003"|01|"Newell's Old Boys VS River Plate"|"Horacio Andrés - Ameli Chitaroni"|"Cabeza - 90"|"Gol actualizado"
"Clausura 2003"|02|"Estudiantes (LP) VS Banfield"|"Ernesto Antonio - Farías"|"Cabeza - 88"|"Gol actualizado"
"Clausura 2003"|02|"Huracán VS Newell's Old Boys"|"Francisco Solano - López Rojas"|"Jugada - 90"|"No se econtró la URL del jugador"
"Clausura 2003"|03|"Newell's Old Boys VS Arsenal"|"Leonardo Daniel - Ponzio"|"Tiro Libre - 89"|"Gol actualizado"
"Clausura 2003"|04|"Huracán VS Colón de Santa Fe"|"Ismael Alfonso - Blanco"|"Cabeza - 9"|"Gol actualizado"
"Clausura 2003"|05|"Racing Club VS Rosario Central"|"César Fabián - Delgado Godoy"|"Cabeza - 46"|"más de un gol"
"Clausura 2003"|05|"Racing Club VS Rosario Central"|"César Fabián - Delgado Godoy"|"Cabeza - 52"|"más de un gol"
"Clausura 2003"|06|"Huracán VS River Plate"|"Fernando - Cavenaghi"|"Tiro Libre - 52"|"Gol actualizado"
"Clausura 2003"|09|"Gimnasia (LP) VS Lanús"|"Eduardo Ariel - Bustos Montoya"|"Cabeza - 82"|"Gol actualizado"
"Clausura 2003"|09|"Huracán VS Talleres (Cba.)"|"Javier Marcelo - Gandolfi"|"Cabeza - 43"|"Gol actualizado"
"Clausura 2003"|09|"Newell's Old Boys VS Banfield"|"Walter Gustavo - Silvani Rios"|"Cabeza - 52"|"Gol actualizado"
"Clausura 2003"|10|"Boca Juniors VS Newell's Old Boys"|"Sebastián Alejandro - Battaglia"|"Cabeza - 38"|"Gol actualizado"
"Clausura 2003"|14|"Lanús VS Colón de Santa Fe"|"Rodrigo Martín - Mannara"|"Cabeza - 79"|"Gol actualizado"
"Clausura 2003"|14|"Rosario Central VS Independiente"|"Luciano - Figueroa"|"Cabeza - 53"|"Gol actualizado"
"Clausura 2003"|15|"Huracán VS Boca Juniors"|"Héctor Andrés - Bracamonte"|"Cabeza - 23"|"más de un gol"
"Clausura 2003"|15|"Huracán VS Boca Juniors"|"Héctor Andrés - Bracamonte"|"Cabeza - 77"|"más de un gol"
"Clausura 2003"|16|"San Lorenzo VS Huracán"|"Alberto Federico - Acosta"|"Cabeza - 64"|"Gol actualizado"
"Clausura 2003"|16|"Boca Juniors VS Arsenal"|"Rolando Carlos - Schiavi"|"Cabeza - 86"|"Gol actualizado"
"Clausura 2003"|16|"Nueva Chicago VS Rosario Central"|"Luciano - Figueroa"|"Cabeza - 18"|"Gol actualizado"
"Clausura 2003"|18|"Gimnasia (LP) VS Huracán"|"Claudio Marcelo - Enría"|"Jugada - 88"|"No se econtró la URL de cabezas"
"Clausura 2003"|18|"Gimnasia (LP) VS Huracán"|"Claudio Marcelo - Enría"|"Jugada - 88"|"No se econtró la URL de tiros libres"
"Clausura 2003"|18|"Lanús VS Arsenal"|"Cristian Osvaldo - Álvarez Reyes"|"Jugada - 11"|"No se econtró la URL de cabezas"
"Clausura 2003"|18|"Lanús VS Arsenal"|"Cristian Osvaldo - Álvarez Reyes"|"Jugada - 11"|"No se econtró la URL de tiros libres"
"Clausura 2003"|18|"Newell's Old Boys VS Colón de Santa Fe"|"Ismael Alfonso - Blanco"|"Jugada - 30"|"No se econtró la URL de cabezas"
"Clausura 2003"|18|"Newell's Old Boys VS Colón de Santa Fe"|"Ismael Alfonso - Blanco"|"Jugada - 30"|"No se econtró la URL de tiros libres"
"Clausura 2003"|18|"Newell's Old Boys VS Colón de Santa Fe"|"César Andrés - Carignano"|"Jugada - 74"|"No se econtró la URL de cabezas"
"Clausura 2003"|19|"Rosario Central VS Boca Juniors"|"Luciano - Figueroa"|"Cabeza - 13"|"más de un gol"
"Clausura 2003"|19|"Rosario Central VS Boca Juniors"|"Luciano - Figueroa"|"Cabeza - 20"|"más de un gol"
"Clausura 2003"|19|"Rosario Central VS Boca Juniors"|"Luciano - Figueroa"|"Cabeza - 52"|"más de un gol"
"Clausura 2003"|19|"Rosario Central VS Boca Juniors"|"Luciano - Figueroa"|"Cabeza - 83"|"más de un gol"
"Clausura 2003"|19|"Rosario Central VS Boca Juniors"|"Luciano - Figueroa"|"Cabeza - 85"|"más de un gol"
"Clausura 2003"|19|"Nueva Chicago VS Banfield"|"Jorge Elio - Cervera"|"Cabeza - 48"|"Gol actualizado"
