Torneo|fecha|Partido|Cant|Arbitro|"Linea 1"|"Linea 2"|URL
"Torneo Inicial 2013"|01|"Boca Juniors VS Newell's Old Boys"|0||||https://arg.worldfootball.net/cronica/primera-division-2013-Torneo-Inicial-boca-juniors-newells-old-boys/
"Torneo Inicial 2013"|01|"Gimnasia (LP) VS River Plate"|0||||https://arg.worldfootball.net/cronica/primera-division-2013-Torneo-Inicial-gimnasia-de-la-plata-river-plate/
"Torneo Inicial 2013"|01|"Lanús VS Belgrano"|0||||https://arg.worldfootball.net/cronica/primera-division-2013-Torneo-Inicial-lanus-belgrano-de-cordoba/
"Torneo Inicial 2013"|01|"Rosario Central VS Quilmes"|0||||https://arg.worldfootball.net/cronica/primera-division-2013-Torneo-Inicial-rosario-central-quilmes-ac/
"Torneo Inicial 2013"|06|"Estudiantes (LP) VS Belgrano"|0||||https://arg.worldfootball.net/cronica/primera-division-2013-Torneo-Inicial-estudiantes-belgrano-de-cordoba/
"Torneo Inicial 2013"|09|"San Lorenzo VS Gimnasia (LP)"|0||||https://arg.worldfootball.net/cronica/primera-division-2013-Torneo-Inicial-san-lorenzo-gimnasia-de-la-plata/
"Torneo Inicial 2013"|12|"Colón de Santa Fe VS Lanús"|0||||https://arg.worldfootball.net/cronica/primera-division-2013-Torneo-Inicial-colon-de-santa-fe-lanus/
"Torneo Inicial 2013"|13|"Belgrano VS Rosario Central"|0||||https://arg.worldfootball.net/cronica/primera-division-2013-Torneo-Inicial-belgrano-de-cordoba-rosario-central/
"Torneo Inicial 2013"|15|"Olimpo VS Quilmes"|0||||https://arg.worldfootball.net/cronica/primera-division-2013-Torneo-Inicial-olimpo-quilmes-ac/
"Torneo Inicial 2013"|16|"Colón de Santa Fe VS Atlético de Rafaela"|1||||https://arg.worldfootball.net/cronica/primera-division-2013-Torneo-Inicial-colon-de-santa-fe-atletico-rafaela/
"Torneo Inicial 2013"|16|"Rosario Central VS Vélez Sarsfield"|0||||https://arg.worldfootball.net/cronica/primera-division-2013-Torneo-Inicial-rosario-central-velez-sarsfield/
